Date,ID,Target
3/10/2015,1,3285
3/10/2015,2,2871
3/10/2015,3,392
3/10/2015,4,22
3/10/2015,5,2170
3/10/2015,6,1778
3/10/2015,7,392
3/6/2015,8,3248
3/6/2015,9,2840
3/6/2015,10,392
3/6/2015,11,16
3/6/2015,12,2147
3/6/2015,13,1755
3/6/2015,14,392
3/5/2015,15,3237
3/5/2015,16,2833
3/5/2015,17,392
3/5/2015,18,12
3/5/2015,19,2141
3/5/2015,20,1749
3/5/2015,21,392
3/4/2015,22,3205
3/4/2015,23,2808
3/4/2015,24,392
3/4/2015,25,5
3/4/2015,26,2127
3/4/2015,27,1735
3/4/2015,28,392
3/2/2015,29,3205
3/2/2015,30,2808
3/2/2015,31,392
3/2/2015,32,5
3/2/2015,33,2127
3/2/2015,34,1735
3/2/2015,35,392
2/27/2015,36,3190
2/27/2015,37,2790
2/27/2015,38,392
2/27/2015,39,8
2/27/2015,40,2113
2/27/2015,41,1721
2/27/2015,42,392
2/26/2015,43,3175
2/26/2015,44,2781
2/26/2015,45,387
2/26/2015,46,7
2/26/2015,47,2101
2/26/2015,48,1714
2/26/2015,49,387
2/25/2015,50,2762
2/25/2015,51,387
2/25/2015,52,6
2/25/2015,53,3155
2/25/2015,54,152
2/25/2015,55,152
2/25/2015,56,1704
2/25/2015,57,387
2/25/2015,58,2091
2/23/2015,59,3155
2/23/2015,60,2758
2/23/2015,61,387
2/23/2015,62,10
2/23/2015,63,2086
2/23/2015,64,1699
2/23/2015,65,387
2/20/2015,66,3120
2/20/2015,67,2734
2/20/2015,68,384
2/20/2015,69,200
2/20/2015,70,2072
2/20/2015,71,1688
2/20/2015,72,384
2/19/2015,73,3115
2/19/2015,74,2732
2/19/2015,75,381
2/19/2015,76,200
2/19/2015,77,2067
2/19/2015,78,1686
2/19/2015,79,381
2/18/2015,80,2727
2/18/2015,81,374
2/18/2015,82,7
2/18/2015,83,3108
2/18/2015,84,156
2/18/2015,85,156
2/18/2015,86,1683
2/18/2015,87,374
2/18/2015,88,2057
2/17/2015,89,3108
2/17/2015,90,2727
2/17/2015,91,374
2/17/2015,92,7
2/17/2015,93,2057
2/17/2015,94,1683
2/17/2015,95,374
2/16/2015,96,3101
2/16/2015,97,2720
2/16/2015,98,374
2/16/2015,99,7
2/16/2015,100,2052
2/16/2015,101,1678
2/16/2015,102,374
2/13/2015,103,3081
2/13/2015,104,2693
2/13/2015,105,373
2/13/2015,106,15
2/13/2015,107,2032
2/13/2015,108,1659
2/13/2015,109,373
2/12/2015,110,3068
2/12/2015,111,2685
2/12/2015,112,367
2/12/2015,113,16
2/12/2015,114,2018
2/12/2015,115,1651
2/12/2015,116,367
2/11/2015,117,2674
2/11/2015,118,352
2/11/2015,119,18
2/11/2015,120,3044
2/11/2015,121,134
2/11/2015,122,134
2/11/2015,123,1643
2/11/2015,124,352
2/11/2015,125,1995
2/10/2015,126,3044
2/10/2015,127,2674
2/10/2015,128,352
2/10/2015,129,18
2/10/2015,130,1995
2/10/2015,131,1643
2/10/2015,132,352
2/6/2015,133,2988
2/6/2015,134,2628
2/6/2015,135,349
2/6/2015,136,11
2/6/2015,137,1957
2/6/2015,138,1608
2/6/2015,139,349
2/5/2015,140,2986
2/5/2015,141,2621
2/5/2015,142,347
2/5/2015,143,18
2/5/2015,144,1947
2/5/2015,145,1600
2/5/2015,146,347
2/4/2015,147,2608
2/4/2015,148,347
2/4/2015,149,20
2/4/2015,150,2975
2/4/2015,151,89
2/4/2015,152,89
2/4/2015,153,1597
2/4/2015,154,347
2/4/2015,155,1944
2/3/2015,156,2975
2/3/2015,157,2608
2/3/2015,158,347
2/3/2015,159,20
2/3/2015,160,1944
2/3/2015,161,1597
2/3/2015,162,347
2/2/2015,163,2959
2/2/2015,164,2593
2/2/2015,165,342
2/2/2015,166,24
2/2/2015,167,1937
2/2/2015,168,1595
2/2/2015,169,342
1/30/2015,170,2920
1/30/2015,171,2575
1/30/2015,172,332
1/30/2015,173,13
1/30/2015,174,1913
1/30/2015,175,1581
1/30/2015,176,332
1/29/2015,177,2921
1/29/2015,178,2571
1/29/2015,179,332
1/29/2015,180,18
1/29/2015,181,1911
1/29/2015,182,1579
1/29/2015,183,332
1/28/2015,184,332
1/28/2015,185,1578
1/28/2015,186,2569
1/28/2015,187,332
1/28/2015,188,92
1/28/2015,189,1910
1/28/2015,190,2917
1/28/2015,191,92
1/28/2015,192,16
1/27/2015,193,332
1/27/2015,194,1910
1/27/2015,195,332
1/27/2015,196,2917
1/27/2015,197,2569
1/27/2015,198,16
1/27/2015,199,1578
1/26/2015,200,332
1/26/2015,201,1574
1/26/2015,202,2909
1/26/2015,203,2559
1/26/2015,204,332
1/26/2015,205,18
1/26/2015,206,1906
1/23/2015,207,319
1/23/2015,208,2873
1/23/2015,209,319
1/23/2015,210,1880
1/23/2015,211,9
1/23/2015,212,1561
1/23/2015,213,2545
1/22/2015,214,2873
1/22/2015,215,2542
1/22/2015,216,319
1/22/2015,217,319
1/22/2015,218,12
1/22/2015,219,1879
1/22/2015,220,1560
1/21/2015,221,2539
1/21/2015,222,319
1/21/2015,223,2871
1/21/2015,224,136
1/21/2015,225,1557
1/21/2015,226,13
1/21/2015,227,136
1/21/2015,228,319
1/21/2015,229,1876
1/20/2015,230,319
1/20/2015,231,13
1/20/2015,232,1876
1/20/2015,233,1557
1/20/2015,234,2871
1/20/2015,235,2539
1/20/2015,236,319
1/19/2015,237,1875
1/19/2015,238,1556
1/19/2015,239,319
1/19/2015,240,2539
1/19/2015,241,15
1/19/2015,242,2873
1/19/2015,243,319
1/16/2015,244,2825
1/16/2015,245,2525
1/16/2015,246,288
1/16/2015,247,12
1/16/2015,248,1829
1/16/2015,249,1541
1/16/2015,250,288
1/15/2015,251,2817
1/15/2015,252,2522
1/15/2015,253,284
1/15/2015,254,11
1/15/2015,255,1821
1/15/2015,256,1537
1/15/2015,257,284
1/14/2015,258,2514
1/14/2015,259,284
1/14/2015,260,8
1/14/2015,261,2806
1/14/2015,262,230
1/14/2015,263,230
1/14/2015,264,1530
1/14/2015,265,284
1/14/2015,266,1814
1/13/2015,267,2799
1/13/2015,268,2508
1/13/2015,269,284
1/13/2015,270,7
1/13/2015,271,1807
1/13/2015,272,1523
1/13/2015,273,284
1/12/2015,274,2508
1/12/2015,275,284
1/12/2015,276,7
1/12/2015,277,1523
1/12/2015,278,284
1/12/2015,279,1807
1/12/2015,280,2799
1/9/2015,281,2493
1/9/2015,282,282
1/9/2015,283,18
1/9/2015,284,1515
1/9/2015,285,282
1/9/2015,286,1797
1/9/2015,287,2793
1/8/2015,288,2477
1/8/2015,289,282
1/8/2015,290,17
1/8/2015,291,1504
1/8/2015,292,282
1/8/2015,293,1786
1/8/2015,294,2776
1/7/2015,295,2471
1/7/2015,296,282
1/7/2015,297,22
1/7/2015,298,2775
1/7/2015,299,1499
1/7/2015,300,282
1/7/2015,301,100
1/7/2015,302,1781
1/7/2015,303,344
1/7/2015,304,344
1/6/2015,305,2471
1/6/2015,306,282
1/6/2015,307,22
1/6/2015,308,2775
1/6/2015,309,1499
1/6/2015,310,282
1/6/2015,311,100
1/6/2015,312,1781
1/5/2015,313,2465
1/5/2015,314,280
1/5/2015,315,26
1/5/2015,316,2769
1/5/2015,317,1488
1/5/2015,318,280
1/5/2015,319,100
1/5/2015,320,1767
1/2/2015,321,2435
1/2/2015,322,276
1/2/2015,323,19
1/2/2015,324,2730
1/2/2015,325,1463
1/2/2015,326,276
1/2/2015,327,100
1/2/2015,328,1739
12/31/2014,329,2397
12/31/2014,330,276
12/31/2014,331,34
12/31/2014,332,2707
12/31/2014,333,346
12/31/2014,334,346
12/31/2014,335,1433
12/31/2014,336,276
12/31/2014,337,100
12/31/2014,338,1709
12/30/2014,339,2397
12/30/2014,340,275
12/30/2014,341,34
12/30/2014,342,2706
12/30/2014,343,1433
12/30/2014,344,275
12/30/2014,345,100
12/30/2014,346,1708
12/29/2014,347,2384
12/29/2014,348,275
12/29/2014,349,36
12/29/2014,350,2695
12/29/2014,351,1422
12/29/2014,352,275
12/29/2014,353,100
12/29/2014,354,1697
12/26/2014,355,2342
12/26/2014,356,269
12/26/2014,357,19
12/26/2014,358,2630
12/26/2014,359,1385
12/26/2014,360,269
12/26/2014,361,100
12/26/2014,362,1654
12/24/2014,363,2284
12/24/2014,364,263
12/24/2014,365,50
12/24/2014,366,2597
12/24/2014,367,1344
12/24/2014,368,263
12/24/2014,369,100
12/24/2014,370,1607
12/23/2014,371,2284
12/23/2014,372,263
12/23/2014,373,50
12/23/2014,374,2597
12/23/2014,375,1344
12/23/2014,376,263
12/23/2014,377,100
12/23/2014,378,1607
12/22/2014,379,2259
12/22/2014,380,263
12/22/2014,381,49
12/22/2014,382,2571
12/22/2014,383,1323
12/22/2014,384,263
12/22/2014,385,100
12/22/2014,386,1586
12/17/2014,387,2127
12/17/2014,388,263
12/17/2014,389,26
12/17/2014,390,2416
12/17/2014,391,249
12/17/2014,392,249
12/17/2014,393,1262
12/17/2014,394,263
12/17/2014,395,100
12/17/2014,396,1525
12/15/2014,397,2115
12/15/2014,398,263
12/15/2014,399,16
12/15/2014,400,2394
12/15/2014,401,1255
12/15/2014,402,263
12/15/2014,403,100
12/15/2014,404,1518
12/10/2014,405,2051
12/10/2014,406,221
12/10/2014,407,20
12/10/2014,408,2292
12/10/2014,409,321
12/10/2014,410,321
12/10/2014,411,1207
12/10/2014,412,221
12/10/2014,413,100
12/10/2014,414,1428
12/3/2014,415,1929
12/3/2014,416,210
12/3/2014,417,25
12/3/2014,418,2164
12/3/2014,419,306
12/3/2014,420,306
12/3/2014,421,1117
12/3/2014,422,210
12/3/2014,423,100
12/3/2014,424,1327
12/1/2014,425,1921
12/1/2014,426,210
12/1/2014,427,24
12/1/2014,428,2155
12/1/2014,429,1102
12/1/2014,430,210
12/1/2014,431,100
12/1/2014,432,1312
11/26/2014,433,1850
11/26/2014,434,210
11/26/2014,435,74
11/26/2014,436,2134
11/26/2014,437,374
11/26/2014,438,374
11/26/2014,439,1050
11/26/2014,440,210
11/26/2014,441,100
11/26/2014,442,1260
11/21/2014,443,1745
11/21/2014,444,216
11/21/2014,445,86
11/21/2014,446,2047
11/21/2014,447,998
11/21/2014,448,216
11/21/2014,449,100
11/21/2014,450,1214
11/19/2014,451,1698
11/19/2014,452,210
11/19/2014,453,63
11/19/2014,454,1971
11/19/2014,455,308
11/19/2014,456,7
11/19/2014,457,315
11/19/2014,458,982
11/19/2014,459,210
11/19/2014,460,100
11/19/2014,461,1192
11/14/2014,462,1647
11/14/2014,463,208
11/14/2014,464,64
11/14/2014,465,1919
11/14/2014,466,958
11/14/2014,467,208
11/14/2014,468,100
11/14/2014,469,1166
11/12/2014,470,1612
11/12/2014,471,208
11/12/2014,472,58
11/12/2014,473,1878
11/12/2014,474,313
11/12/2014,475,12
11/12/2014,476,325
11/12/2014,477,934
11/12/2014,478,208
11/12/2014,479,100
11/12/2014,480,1142
11/7/2014,481,1479
11/7/2014,482,204
11/7/2014,483,77
11/7/2014,484,1760
11/7/2014,485,850
11/7/2014,486,204
11/7/2014,487,100
11/7/2014,488,1054
11/5/2014,489,1457
11/5/2014,490,204
11/5/2014,491,70
11/5/2014,492,1731
11/5/2014,493,247
11/5/2014,494,9
11/5/2014,495,256
11/5/2014,496,837
11/5/2014,497,204
11/5/2014,498,100
11/5/2014,499,1041
10/31/2014,500,1409
10/31/2014,501,204
10/31/2014,502,54
10/31/2014,503,1667
10/31/2014,504,1018
10/29/2014,505,1391
10/29/2014,506,199
10/29/2014,507,316
10/29/2014,508,1906
10/29/2014,509,332
10/29/2014,510,19
10/29/2014,511,315
10/29/2014,512,666
10/29/2014,513,24
10/29/2014,514,10
10/29/2014,515,100
10/29/2014,516,35
10/29/2014,517,997
10/25/2014,518,1312
10/25/2014,519,194
10/25/2014,520,47
10/25/2014,521,1553
10/25/2014,522,732
10/25/2014,523,194
10/25/2014,524,100
10/25/2014,525,926
10/22/2014,526,1289
10/22/2014,527,193
10/22/2014,528,58
10/22/2014,529,1540
10/22/2014,530,106
10/22/2014,531,250
10/22/2014,532,100
10/22/2014,533,109
10/22/2014,534,8
10/22/2014,535,200
10/22/2014,536,100
10/22/2014,537,7
10/22/2014,538,710
10/22/2014,539,193
10/22/2014,540,150
10/22/2014,541,904
10/17/2014,542,1217
10/17/2014,543,191
10/17/2014,544,111
10/17/2014,545,1519
10/17/2014,546,671
10/17/2014,547,191
10/17/2014,548,100
10/17/2014,549,862
10/15/2014,550,1184
10/15/2014,551,190
10/15/2014,552,98
10/15/2014,553,1472
10/15/2014,554,289
10/15/2014,555,19
10/15/2014,556,89
10/15/2014,557,397
10/15/2014,558,24
10/15/2014,559,10
10/15/2014,560,91
10/15/2014,561,27
10/15/2014,562,653
10/15/2014,563,190
10/15/2014,564,100
10/15/2014,565,843
10/10/2014,566,1097
10/10/2014,567,180
10/10/2014,568,73
10/10/2014,569,1350
10/10/2014,570,598
10/10/2014,571,180
10/10/2014,572,100
10/10/2014,573,778
10/8/2014,574,1044
10/8/2014,575,180
10/8/2014,576,74
10/8/2014,577,1298
10/8/2014,578,253
10/8/2014,579,13
10/8/2014,580,65
10/8/2014,581,331
10/8/2014,582,24
10/8/2014,583,7
10/8/2014,584,88
10/8/2014,585,26
10/8/2014,586,587
10/8/2014,587,179
10/8/2014,588,200
10/8/2014,589,768
10/3/2014,590,977
10/3/2014,591,177
10/3/2014,592,45
10/3/2014,593,1199
10/3/2014,594,562
10/3/2014,595,177
10/3/2014,596,100
10/3/2014,597,739
10/1/2014,598,950
10/1/2014,599,170
10/1/2014,600,37
10/1/2014,601,1157
10/1/2014,602,230
10/1/2014,603,14
10/1/2014,604,23
10/1/2014,605,270
10/1/2014,606,24
10/1/2014,607,8
10/1/2014,608,62
10/1/2014,609,23
10/1/2014,610,535
10/1/2014,611,170
10/1/2014,612,5
10/1/2014,613,710
9/26/2014,614,876
9/26/2014,615,162
9/26/2014,616,36
9/26/2014,617,1074
9/26/2014,618,481
9/26/2014,619,162
9/26/2014,620,5
9/26/2014,621,648
9/24/2014,622,832
9/24/2014,623,162
9/24/2014,624,28
9/24/2014,625,1022
9/24/2014,626,256
9/24/2014,627,14
9/24/2014,628,22
9/24/2014,629,292
9/24/2014,630,31
9/24/2014,631,9
9/24/2014,632,79
9/24/2014,633,29
9/24/2014,634,468
9/24/2014,635,162
9/24/2014,636,5
9/24/2014,637,635
9/22/2014,638,818
9/22/2014,639,162
9/22/2014,640,28
9/22/2014,641,1008
9/22/2014,642,465
9/22/2014,643,162
9/22/2014,644,5
9/22/2014,645,632
9/18/2014,646,750
9/18/2014,647,162
9/18/2014,648,30
9/18/2014,649,942
9/18/2014,650,266
9/18/2014,651,21
9/18/2014,652,25
9/18/2014,653,312
9/18/2014,654,36
9/18/2014,655,13
9/18/2014,656,83
9/18/2014,657,33
9/18/2014,658,435
9/18/2014,659,161
9/18/2014,660,5
9/18/2014,661,601
9/16/2014,662,743
9/16/2014,663,162
9/16/2014,664,31
9/16/2014,665,936
9/16/2014,666,276
9/16/2014,667,21
9/16/2014,668,11
9/16/2014,669,308
9/16/2014,670,37
9/16/2014,671,13
9/16/2014,672,35
9/16/2014,673,33
9/16/2014,674,429
9/16/2014,675,162
9/16/2014,676,4
9/16/2014,677,595
9/16/2014,678,58
9/16/2014,679,100
9/16/2014,680,13
9/16/2014,681,64
9/12/2014,682,678
9/12/2014,683,151
9/12/2014,684,32
9/12/2014,685,861
9/12/2014,686,285
9/12/2014,687,12
9/12/2014,688,27
9/12/2014,689,324
9/12/2014,690,42
9/12/2014,691,8
9/12/2014,692,84
9/12/2014,693,38
9/12/2014,694,403
9/12/2014,695,150
9/12/2014,696,4
9/12/2014,697,557
9/12/2014,698,59
9/12/2014,699,99
9/12/2014,700,12
9/12/2014,701,65
9/8/2014,702,664
9/8/2014,703,151
9/8/2014,704,47
9/8/2014,705,862
9/8/2014,706,286
9/8/2014,707,18
9/8/2014,708,35
9/8/2014,709,339
9/8/2014,710,43
9/8/2014,711,12
9/8/2014,712,74
9/8/2014,713,39
9/8/2014,714,400
9/8/2014,715,151
9/8/2014,716,4
9/8/2014,717,555
9/8/2014,718,120
9/8/2014,719,35
9/8/2014,720,100
9/8/2014,721,155
9/8/2014,722,30
9/8/2014,723,23
9/8/2014,724,100
9/8/2014,725,28
9/5/2014,726,604
9/5/2014,727,152
9/5/2014,728,56
9/5/2014,729,812
9/5/2014,730,226
9/5/2014,731,19
9/5/2014,732,44
9/5/2014,733,289
9/5/2014,734,37
9/5/2014,735,13
9/5/2014,736,79
9/5/2014,737,36
9/5/2014,738,362
9/5/2014,739,152
9/5/2014,740,250
9/5/2014,741,517
9/5/2014,742,117
9/5/2014,743,19
9/5/2014,744,150
9/5/2014,745,137
9/5/2014,746,32
9/5/2014,747,13
9/5/2014,748,33
9/5/2014,749,26
9/5/2014,750,60
9/5/2014,751,100
9/5/2014,752,5
9/5/2014,753,64
8/29/2014,754,482
8/29/2014,755,141
8/29/2014,756,25
8/29/2014,757,648
8/29/2014,758,131
8/29/2014,759,7
8/29/2014,760,20
8/29/2014,761,158
8/29/2014,762,27
8/29/2014,763,5
8/29/2014,764,80
8/29/2014,765,24
8/29/2014,766,287
8/29/2014,767,141
8/29/2014,768,200
8/29/2014,769,430
8/29/2014,770,8
8/29/2014,771,100
8/29/2014,772,100
8/29/2014,773,8
8/29/2014,774,250
8/29/2014,775,100
8/29/2014,776,100
8/29/2014,777,200
8/29/2014,778,60
8/29/2014,779,100
8/29/2014,780,8
8/29/2014,781,66
3/11/2015,782,144
3/11/2015,783,1778
3/11/2015,784,144
3/11/2015,785,22
3/11/2015,786,2170
3/11/2015,787,392
3/11/2015,788,2871
3/11/2015,789,3285
3/11/2015,790,392
3/12/2015,791,3330
3/12/2015,792,2901
3/12/2015,793,395
3/12/2015,794,34
3/12/2015,795,2187
3/12/2015,796,1792
3/12/2015,797,395
3/13/2015,798,3331
3/13/2015,799,2911
3/13/2015,800,395
3/13/2015,801,25
3/13/2015,802,2192
3/13/2015,803,1797
3/13/2015,804,395
3/16/2015,805,3373
3/16/2015,806,2957
3/16/2015,807,395
3/16/2015,808,21
3/16/2015,809,2216
3/16/2015,810,1821
3/16/2015,811,395
3/17/2015,812,3389
3/17/2015,813,2966
3/17/2015,814,395
3/17/2015,815,28
3/17/2015,816,2224
3/17/2015,817,1829
3/17/2015,818,395
3/18/2015,819,2966
3/18/2015,820,395
3/18/2015,821,28
3/18/2015,822,3389
3/18/2015,823,204
3/18/2015,824,204
3/18/2015,825,1829
3/18/2015,826,395
3/18/2015,827,2224
3/20/2015,828,3404
3/20/2015,829,2988
3/20/2015,830,395
3/20/2015,831,21
3/20/2015,832,2241
3/20/2015,833,1846
3/20/2015,834,395
3/23/2015,835,3420
3/23/2015,836,3007
3/23/2015,837,398
3/23/2015,838,15
3/23/2015,839,2261
3/23/2015,840,1863
3/23/2015,841,398
3/24/2015,842,3429
3/24/2015,843,3011
3/24/2015,844,398
3/24/2015,845,20
3/24/2015,846,2263
3/24/2015,847,1865
3/24/2015,848,398
3/25/2015,849,1865
3/25/2015,850,198
3/25/2015,851,398
3/25/2015,852,2263
3/25/2015,853,198
3/25/2015,854,3011
3/25/2015,855,398
3/25/2015,856,20
3/25/2015,857,3429
3/26/2015,858,29
3/26/2015,859,2273
3/26/2015,860,1875
3/26/2015,861,398
3/26/2015,862,3032
3/26/2015,863,3459
3/26/2015,864,398
3/27/2015,865,3466
3/27/2015,866,398
3/27/2015,867,2276
3/27/2015,868,3042
3/27/2015,869,26
3/27/2015,870,1878
3/27/2015,871,398
4/7/2015,872,3515
4/7/2015,873,3089
4/7/2015,874,414
4/7/2015,875,12
4/7/2015,876,2333
4/7/2015,877,1919
4/7/2015,878,414
4/9/2015,879,3515
4/9/2015,880,3093
4/9/2015,881,414
4/9/2015,882,8
4/9/2015,883,2335
4/9/2015,884,1921
4/9/2015,885,414
4/13/2015,886,3112
4/13/2015,887,15
4/13/2015,888,414
4/13/2015,889,3541
4/13/2015,890,414
4/13/2015,891,2342
4/13/2015,892,1928
4/14/2015,893,3117
4/14/2015,894,17
4/14/2015,895,414
4/14/2015,896,3548
4/14/2015,897,414
4/14/2015,898,2346
4/14/2015,899,1932
4/15/2015,900,3117
4/15/2015,901,414
4/15/2015,902,17
4/15/2015,903,3548
4/15/2015,904,106
4/15/2015,905,106
4/15/2015,906,1932
4/15/2015,907,414
4/15/2015,908,2346
4/16/2015,909,3566
4/16/2015,910,3124
4/16/2015,911,414
4/16/2015,912,28
4/16/2015,913,2348
4/16/2015,914,1934
4/16/2015,915,414
4/17/2015,916,3569
4/17/2015,917,3126
4/17/2015,918,414
4/17/2015,919,29
4/17/2015,920,2351
4/17/2015,921,1937
4/17/2015,922,414
4/20/2015,923,3565
4/20/2015,924,3133
4/20/2015,925,415
4/20/2015,926,17
4/20/2015,927,2357
4/20/2015,928,1942
4/20/2015,929,415
4/21/2015,930,3565
4/21/2015,931,3136
4/21/2015,932,415
4/21/2015,933,14
4/21/2015,934,2358
4/21/2015,935,1943
4/21/2015,936,415
4/22/2015,937,415
4/22/2015,938,1943
4/22/2015,939,2358
4/22/2015,940,70
4/22/2015,941,14
4/22/2015,942,3565
4/22/2015,943,70
4/22/2015,944,3136
4/22/2015,945,415
4/23/2015,946,3568
4/23/2015,947,3144
4/23/2015,948,415
4/23/2015,949,9
4/23/2015,950,2362
4/23/2015,951,1947
4/23/2015,952,415
4/24/2015,953,3576
4/24/2015,954,3145
4/24/2015,955,415
4/24/2015,956,16
4/24/2015,957,2365
4/24/2015,958,1950
4/24/2015,959,415
4/27/2015,960,3585
4/27/2015,961,3154
4/27/2015,962,415
4/27/2015,963,16
4/27/2015,964,2374
4/27/2015,965,1959
4/27/2015,966,415
4/28/2015,967,3584
4/28/2015,968,3158
4/28/2015,969,415
4/28/2015,970,11
4/28/2015,971,2377
4/28/2015,972,1962
4/28/2015,973,415
4/30/2015,974,3581
4/30/2015,975,3159
4/30/2015,976,415
4/30/2015,977,7
4/30/2015,978,2381
4/30/2015,979,1966
4/30/2015,980,415
5/1/2015,981,3578
5/1/2015,982,3161
5/1/2015,983,415
5/1/2015,984,200
5/1/2015,985,2383
5/1/2015,986,1968
5/1/2015,987,415
5/4/2015,988,3591
5/4/2015,989,3163
5/4/2015,990,415
5/4/2015,991,13
5/4/2015,992,2385
5/4/2015,993,1970
5/4/2015,994,415
5/5/2015,995,3589
5/5/2015,996,3167
5/5/2015,997,415
5/5/2015,998,7
5/5/2015,999,2386
5/5/2015,1000,1971
5/5/2015,1001,415
5/6/2015,1002,3167
5/6/2015,1003,415
5/6/2015,1004,7
5/6/2015,1005,3589
5/6/2015,1006,50
5/6/2015,1007,50
5/6/2015,1008,1971
5/6/2015,1009,415
5/6/2015,1010,2386
5/7/2015,1011,3592
5/7/2015,1012,3170
5/7/2015,1013,415
5/7/2015,1014,7
5/7/2015,1015,2387
5/7/2015,1016,1972
5/7/2015,1017,415
5/8/2015,1018,3592
5/8/2015,1019,3170
5/8/2015,1020,415
5/8/2015,1021,7
5/8/2015,1022,2387
5/8/2015,1023,1972
5/8/2015,1024,415
5/11/2015,1025,3599
5/11/2015,1026,3173
5/11/2015,1027,415
5/11/2015,1028,11
5/11/2015,1029,2391
5/11/2015,1030,1976
5/11/2015,1031,415
5/12/2015,1032,3597
5/12/2015,1033,3174
5/12/2015,1034,415
5/12/2015,1035,8
5/12/2015,1036,2392
5/12/2015,1037,1977
5/12/2015,1038,415
5/13/2015,1039,415
5/13/2015,1040,11
5/13/2015,1041,3599
5/13/2015,1042,38
5/13/2015,1043,415
5/13/2015,1044,2391
5/13/2015,1045,3173
5/13/2015,1046,38
5/13/2015,1047,1976
5/15/2015,1048,3619
5/15/2015,1049,3189
5/15/2015,1050,419
5/15/2015,1051,11
5/15/2015,1052,2401
5/15/2015,1053,1982
5/15/2015,1054,419
5/14/2015,1055,3615
5/14/2015,1056,3187
5/14/2015,1057,419
5/14/2015,1058,9
5/14/2015,1059,2399
5/14/2015,1060,1980
5/14/2015,1061,419
5/19/2015,1062,3635
5/19/2015,1063,3201
5/19/2015,1064,419
5/19/2015,1065,15
5/19/2015,1066,2407
5/19/2015,1067,1988
5/19/2015,1068,419
5/18/2015,1069,3626
5/18/2015,1070,3195
5/18/2015,1071,419
5/18/2015,1072,12
5/18/2015,1073,2405
5/18/2015,1074,1986
5/18/2015,1075,419
5/20/2015,1076,3201
5/20/2015,1077,415
5/20/2015,1078,15
5/20/2015,1079,3635
5/20/2015,1080,43
5/20/2015,1081,43
5/20/2015,1082,1988
5/20/2015,1083,419
5/20/2015,1084,2407
5/21/2015,1085,3649
5/21/2015,1086,3204
5/21/2015,1087,419
5/21/2015,1088,26
5/21/2015,1089,2409
5/21/2015,1090,1990
5/21/2015,1091,419
5/22/2015,1092,3647
5/22/2015,1093,3205
5/22/2015,1094,419
5/22/2015,1095,23
5/22/2015,1096,2412
5/22/2015,1097,1993
5/22/2015,1098,419
5/26/2015,1099,3641
5/26/2015,1100,3210
5/26/2015,1101,419
5/26/2015,1102,12
5/26/2015,1103,2420
5/26/2015,1104,2001
5/26/2015,1105,419
5/25/2015,1106,3640
5/25/2015,1107,3208
5/25/2015,1108,419
5/25/2015,1109,13
5/25/2015,1110,2418
5/25/2015,1111,1999
5/25/2015,1112,419
5/27/2015,1113,3210
5/27/2015,1114,419
5/27/2015,1115,12
5/27/2015,1116,3641
5/27/2015,1117,43
5/27/2015,1118,43
5/27/2015,1119,2001
5/27/2015,1120,419
5/27/2015,1121,2420
5/28/2015,1122,3639
5/28/2015,1123,3214
5/28/2015,1124,419
5/28/2015,1125,6
5/28/2015,1126,2423
5/28/2015,1127,2004
5/28/2015,1128,419
5/29/2015,1129,3644
5/29/2015,1130,3216
5/29/2015,1131,419
5/29/2015,1132,9
5/29/2015,1133,2425
5/29/2015,1134,2006
5/29/2015,1135,419
6/1/2015,1136,3653
6/1/2015,1137,3220
6/1/2015,1138,419
6/1/2015,1139,14
6/1/2015,1140,2428
6/1/2015,1141,2009
6/1/2015,1142,419
6/2/2015,1143,3652
6/2/2015,1144,3223
6/2/2015,1145,419
6/2/2015,1146,10
6/2/2015,1147,2429
6/2/2015,1148,2010
6/2/2015,1149,419
6/3/2015,1150,3223
6/3/2015,1151,419
6/3/2015,1152,10
6/3/2015,1153,3652
6/3/2015,1154,49
6/3/2015,1155,49
6/3/2015,1156,2010
6/3/2015,1157,419
6/3/2015,1158,2429
6/4/2015,1159,3657
6/4/2015,1160,3227
6/4/2015,1161,419
6/4/2015,1162,11
6/4/2015,1163,2431
6/4/2015,1164,2012
6/4/2015,1165,419
6/5/2015,1166,3664
6/5/2015,1167,3228
6/5/2015,1168,419
6/5/2015,1169,17
6/5/2015,1170,2431
6/5/2015,1171,2012
6/5/2015,1172,419
6/8/2015,1173,3669
6/8/2015,1174,3237
6/8/2015,1175,419
6/8/2015,1176,13
6/8/2015,1177,2435
6/8/2015,1178,2016
6/8/2015,1179,419
6/9/2015,1180,3670
6/9/2015,1181,3239
6/9/2015,1182,419
6/9/2015,1183,12
6/9/2015,1184,2437
6/9/2015,1185,2018
6/9/2015,1186,419
6/10/2015,1187,3670
6/10/2015,1188,419
6/10/2015,1189,38
6/10/2015,1190,2018
6/10/2015,1191,12
6/10/2015,1192,2437
6/10/2015,1193,419
6/10/2015,1194,38
6/10/2015,1195,3239
6/11/2015,1196,3674
6/11/2015,1197,3243
6/11/2015,1198,419
6/11/2015,1199,12
6/11/2015,1200,2440
6/11/2015,1201,2021
6/11/2015,1202,419
6/12/2015,1203,3677
6/12/2015,1204,3243
6/12/2015,1205,419
6/12/2015,1206,15
6/12/2015,1207,2440
6/12/2015,1208,2021
6/12/2015,1209,419
6/15/2015,1210,3677
6/15/2015,1211,3249
6/15/2015,1212,419
6/15/2015,1213,9
6/15/2015,1214,2443
6/15/2015,1215,2024
6/15/2015,1216,419
6/16/2015,1217,3678
6/16/2015,1218,3249
6/16/2015,1219,419
6/16/2015,1220,10
6/16/2015,1221,2444
6/16/2015,1222,2025
6/16/2015,1223,419
6/17/2015,1224,3245
6/17/2015,1225,419
6/17/2015,1226,10
6/17/2015,1227,3674
6/17/2015,1228,35
6/17/2015,1229,35
6/17/2015,1230,2025
6/17/2015,1231,419
6/17/2015,1232,2444
6/18/2015,1233,3675
6/18/2015,1234,3246
6/18/2015,1235,419
6/18/2015,1236,10
6/18/2015,1237,2445
6/18/2015,1238,2026
6/18/2015,1239,419
6/19/2015,1240,3674
6/19/2015,1241,3247
6/19/2015,1242,419
6/19/2015,1243,8
6/19/2015,1244,2446
6/19/2015,1245,2027
6/19/2015,1246,419
6/22/2015,1247,3698
6/22/2015,1248,3254
6/22/2015,1249,428
6/22/2015,1250,16
6/22/2015,1251,2456
6/22/2015,1252,2028
6/22/2015,1253,428
6/23/2015,1254,3718
6/23/2015,1255,3257
6/23/2015,1256,443
6/23/2015,1257,18
6/23/2015,1258,2473
6/23/2015,1259,2030
6/23/2015,1260,443
6/24/2015,1261,3257
6/24/2015,1262,443
6/24/2015,1263,18
6/24/2015,1264,3718
6/24/2015,1265,34
6/24/2015,1266,34
6/24/2015,1267,2030
6/24/2015,1268,443
6/24/2015,1269,2473
6/25/2015,1270,3718
6/25/2015,1271,3264
6/25/2015,1272,443
6/25/2015,1273,11
6/25/2015,1274,2480
6/25/2015,1275,2037
6/25/2015,1276,443
6/26/2015,1277,3720
6/26/2015,1278,3266
6/26/2015,1279,443
6/26/2015,1280,11
6/26/2015,1281,2480
6/26/2015,1282,2037
6/26/2015,1283,443
6/29/2015,1284,3724
6/29/2015,1285,3268
6/29/2015,1286,443
6/29/2015,1287,13
6/29/2015,1288,2482
6/29/2015,1289,2039
6/29/2015,1290,443
6/30/2015,1291,3729
6/30/2015,1292,3269
6/30/2015,1293,443
6/30/2015,1294,17
6/30/2015,1295,2482
6/30/2015,1296,2039
6/30/2015,1297,443
7/1/2015,1298,3269
7/1/2015,1299,443
7/1/2015,1300,17
7/1/2015,1301,3729
7/1/2015,1302,34
7/1/2015,1303,34
7/1/2015,1304,2039
7/1/2015,1305,443
7/1/2015,1306,2482
7/2/2015,1307,3745
7/2/2015,1308,3277
7/2/2015,1309,450
7/2/2015,1310,18
7/2/2015,1311,2490
7/2/2015,1312,2040
7/2/2015,1313,450
7/3/2015,1314,450
7/3/2015,1315,3279
7/3/2015,1316,21
7/3/2015,1317,2492
7/3/2015,1318,450
7/3/2015,1319,2042
7/3/2015,1320,3750
7/6/2015,1321,3287
7/6/2015,1322,3744
7/6/2015,1323,450
7/6/2015,1324,7
7/6/2015,1325,450
7/6/2015,1326,2498
7/6/2015,1327,2048
7/7/2015,1328,3287
7/7/2015,1329,11
7/7/2015,1330,2499
7/7/2015,1331,450
7/7/2015,1332,3748
7/7/2015,1333,2049
7/7/2015,1334,450
7/8/2015,1335,42
7/8/2015,1336,42
7/8/2015,1337,450
7/8/2015,1338,11
7/8/2015,1339,3287
7/8/2015,1340,3748
7/8/2015,1341,450
7/8/2015,1342,2499
7/8/2015,1343,2049
7/9/2015,1344,3744
7/9/2015,1345,3290
7/9/2015,1346,450
7/9/2015,1347,4
7/9/2015,1348,2505
7/9/2015,1349,2055
7/9/2015,1350,450
7/10/2015,1351,3751
7/10/2015,1352,3293
7/10/2015,1353,450
7/10/2015,1354,8
7/10/2015,1355,2505
7/10/2015,1356,2055
7/10/2015,1357,450
7/13/2015,1358,3754
7/13/2015,1359,3299
7/13/2015,1360,450
7/13/2015,1361,5
7/13/2015,1362,2506
7/13/2015,1363,2056
7/13/2015,1364,450
7/14/2015,1365,3760
7/14/2015,1366,3300
7/14/2015,1367,450
7/14/2015,1368,10
7/14/2015,1369,2506
7/14/2015,1370,2056
7/14/2015,1371,450
7/15/2015,1372,43
7/15/2015,1373,10
7/15/2015,1374,2506
7/15/2015,1375,450
7/15/2015,1376,43
7/15/2015,1377,2056
7/15/2015,1378,3760
7/15/2015,1379,450
7/15/2015,1380,3300
7/16/2015,1381,3762
7/16/2015,1382,3304
7/16/2015,1383,450
7/16/2015,1384,8
7/16/2015,1385,2506
7/16/2015,1386,2056
7/16/2015,1387,450
7/17/2015,1388,3770
7/17/2015,1389,3310
7/17/2015,1390,450
7/17/2015,1391,10
7/17/2015,1392,2509
7/17/2015,1393,2059
7/17/2015,1394,450
7/20/2015,1395,3784
7/20/2015,1396,3322
7/20/2015,1397,450
7/20/2015,1398,12
7/20/2015,1399,2511
7/20/2015,1400,2061
7/20/2015,1401,450
7/21/2015,1402,3783
7/21/2015,1403,3322
7/21/2015,1404,450
7/21/2015,1405,11
7/21/2015,1406,2512
7/21/2015,1407,2062
7/21/2015,1408,450
7/22/2015,1409,3322
7/22/2015,1410,450
7/22/2015,1411,11
7/22/2015,1412,3783
7/22/2015,1413,53
7/22/2015,1414,53
7/22/2015,1415,2062
7/22/2015,1416,450
7/22/2015,1417,2512
7/23/2015,1418,3788
7/23/2015,1419,3325
7/23/2015,1420,450
7/23/2015,1421,13
7/23/2015,1422,2516
7/23/2015,1423,2066
7/23/2015,1424,450
7/24/2015,1425,3787
7/24/2015,1426,3325
7/24/2015,1427,451
7/24/2015,1428,11
7/24/2015,1429,2517
7/24/2015,1430,2066
7/24/2015,1431,451
7/27/2015,1432,3792
7/27/2015,1433,3325
7/27/2015,1434,451
7/27/2015,1435,16
7/27/2015,1436,2519
7/27/2015,1437,2068
7/27/2015,1438,451
7/28/2015,1439,3786
7/28/2015,1440,3326
7/28/2015,1441,451
7/28/2015,1442,9
7/28/2015,1443,2520
7/28/2015,1444,2069
7/28/2015,1445,451
7/29/2015,1446,451
7/29/2015,1447,2069
7/29/2015,1448,3786
7/29/2015,1449,39
7/29/2015,1450,39
7/29/2015,1451,9
7/29/2015,1452,2520
7/29/2015,1453,3326
7/29/2015,1454,451
7/30/2015,1455,452
7/30/2015,1456,3785
7/30/2015,1457,3326
7/30/2015,1458,7
7/30/2015,1459,452
7/30/2015,1460,2521
7/30/2015,1461,2069
7/31/2015,1462,3326
7/31/2015,1463,250
7/31/2015,1464,3781
7/31/2015,1465,2521
7/31/2015,1466,452
7/31/2015,1467,452
7/31/2015,1468,2069
8/3/2015,1469,2522
8/3/2015,1470,452
8/3/2015,1471,2070
8/3/2015,1472,7
8/3/2015,1473,3327
8/3/2015,1474,452
8/3/2015,1475,3786
8/4/2015,1476,452
8/4/2015,1477,3327
8/4/2015,1478,2522
8/4/2015,1479,452
8/4/2015,1480,5
8/4/2015,1481,2070
8/4/2015,1482,3784
8/5/2015,1483,27
8/5/2015,1484,2522
8/5/2015,1485,452
8/5/2015,1486,3784
8/5/2015,1487,3327
8/5/2015,1488,452
8/5/2015,1489,5
8/5/2015,1490,27
8/5/2015,1491,2070
8/6/2015,1492,11
8/6/2015,1493,3329
8/6/2015,1494,452
8/6/2015,1495,2524
8/6/2015,1496,2072
8/6/2015,1497,3792
8/6/2015,1498,452
8/7/2015,1499,3795
8/7/2015,1500,452
8/7/2015,1501,2524
8/7/2015,1502,452
8/7/2015,1503,14
8/7/2015,1504,3329
8/7/2015,1505,2072
8/10/2015,1506,10
8/10/2015,1507,2072
8/10/2015,1508,452
8/10/2015,1509,2524
8/10/2015,1510,3791
8/10/2015,1511,3329
8/10/2015,1512,452
8/11/2015,1513,452
8/11/2015,1514,3787
8/11/2015,1515,2072
8/11/2015,1516,6
8/11/2015,1517,3329
8/11/2015,1518,2524
8/11/2015,1519,452
8/12/2015,1520,452
8/12/2015,1521,2072
8/12/2015,1522,2524
8/12/2015,1523,7
8/12/2015,1524,6
8/12/2015,1525,3787
8/12/2015,1526,7
8/12/2015,1527,3329
8/12/2015,1528,452
8/13/2015,1529,2072
8/13/2015,1530,10
8/13/2015,1531,452
8/13/2015,1532,2524
8/13/2015,1533,3792
8/13/2015,1534,452
8/13/2015,1535,3330
8/14/2015,1536,3791
8/14/2015,1537,2524
8/14/2015,1538,452
8/14/2015,1539,9
8/14/2015,1540,3330
8/14/2015,1541,2072
8/14/2015,1542,452
8/17/2015,1543,3332
8/17/2015,1544,6
8/17/2015,1545,452
8/17/2015,1546,2524
8/17/2015,1547,2072
8/17/2015,1548,452
8/17/2015,1549,3790
8/18/2015,1550,3786
8/18/2015,1551,3332
8/18/2015,1552,452
8/18/2015,1553,200
8/18/2015,1554,2524
8/18/2015,1555,2072
8/18/2015,1556,452
8/19/2015,1557,2072
8/19/2015,1558,3786
8/19/2015,1559,6
8/19/2015,1560,452
8/19/2015,1561,200
8/19/2015,1562,2524
8/19/2015,1563,452
8/19/2015,1564,3332
8/19/2015,1565,6
8/20/2015,1566,6
8/20/2015,1567,2074
8/20/2015,1568,2526
8/20/2015,1569,452
8/20/2015,1570,3792
8/20/2015,1571,3334
8/20/2015,1572,452
8/21/2015,1573,452
8/21/2015,1574,3795
8/21/2015,1575,2074
8/21/2015,1576,3334
8/21/2015,1577,452
8/21/2015,1578,9
8/21/2015,1579,2526
8/24/2015,1580,452
8/24/2015,1581,4
8/24/2015,1582,2527
8/24/2015,1583,2075
8/24/2015,1584,3790
8/24/2015,1585,3334
8/24/2015,1586,452
8/25/2015,1587,3335
8/25/2015,1588,5
8/25/2015,1589,2527
8/25/2015,1590,2075
8/25/2015,1591,452
8/25/2015,1592,3792
8/25/2015,1593,452
8/26/2015,1594,3335
8/26/2015,1595,5
8/26/2015,1596,452
8/26/2015,1597,2527
8/26/2015,1598,452
8/26/2015,1599,3792
8/26/2015,1600,2075
8/26/2015,1601,8
8/26/2015,1602,8
8/27/2015,1603,452
8/27/2015,1604,9
8/27/2015,1605,2076
8/27/2015,1606,452
8/27/2015,1607,2528
8/27/2015,1608,3797
8/27/2015,1609,3336
8/28/2015,1610,2076
8/28/2015,1611,2528
8/28/2015,1612,452
8/28/2015,1613,3797
8/28/2015,1614,3336
8/28/2015,1615,452
8/28/2015,1616,9
8/31/2015,1617,452
8/31/2015,1618,3790
8/31/2015,1619,2076
8/31/2015,1620,3337
8/31/2015,1621,452
8/31/2015,1622,150
8/31/2015,1623,2528
9/1/2015,1624,3337
9/1/2015,1625,3792
9/1/2015,1626,452
9/1/2015,1627,250
9/1/2015,1628,2529
9/1/2015,1629,2077
9/1/2015,1630,452
9/2/2015,1631,452
9/2/2015,1632,2077
9/2/2015,1633,3792
9/2/2015,1634,8
9/2/2015,1635,3337
9/2/2015,1636,250
9/2/2015,1637,8
9/2/2015,1638,452
9/2/2015,1639,2529
9/3/2015,1640,3792
9/3/2015,1641,3338
9/3/2015,1642,200
9/3/2015,1643,2077
9/3/2015,1644,452
9/3/2015,1645,2529
9/3/2015,1646,452
9/4/2015,1647,2077
9/4/2015,1648,2529
9/4/2015,1649,452
9/4/2015,1650,3792
9/4/2015,1651,3338
9/4/2015,1652,452
9/4/2015,1653,200
9/7/2015,1654,3338
9/7/2015,1655,452
9/7/2015,1656,452
9/7/2015,1657,250
9/7/2015,1658,2530
9/7/2015,1659,2078
9/7/2015,1660,3793
9/8/2015,1661,3792
9/8/2015,1662,3338
9/8/2015,1663,452
9/8/2015,1664,452
9/8/2015,1665,200
9/8/2015,1666,2530
9/8/2015,1667,2078
9/9/2015,1668,2078
9/9/2015,1669,452
9/9/2015,1670,2530
9/9/2015,1671,6
9/9/2015,1672,6
9/9/2015,1673,3338
9/9/2015,1674,452
9/9/2015,1675,200
9/9/2015,1676,3792
9/10/2015,1677,452
9/10/2015,1678,452
9/10/2015,1679,2530
9/10/2015,1680,3791
9/10/2015,1681,3338
9/10/2015,1682,150
9/10/2015,1683,2078
9/11/2015,1684,2530
9/11/2015,1685,452
9/11/2015,1686,2078
9/11/2015,1687,3791
9/11/2015,1688,3338
9/11/2015,1689,452
9/11/2015,1690,150
9/14/2015,1691,3793
9/14/2015,1692,452
9/14/2015,1693,3338
9/14/2015,1694,452
9/14/2015,1695,250
9/14/2015,1696,2530
9/14/2015,1697,2078
9/15/2015,1698,3338
9/15/2015,1699,200
9/15/2015,1700,2530
9/15/2015,1701,2078
9/15/2015,1702,452
9/15/2015,1703,3792
9/15/2015,1704,452
9/16/2015,1705,3338
9/16/2015,1706,452
9/16/2015,1707,200
9/16/2015,1708,3792
9/16/2015,1709,250
9/16/2015,1710,452
9/16/2015,1711,2530
9/16/2015,1712,250
9/16/2015,1713,2078
9/17/2015,1714,2530
9/17/2015,1715,452
9/17/2015,1716,2078
9/17/2015,1717,3794
9/17/2015,1718,3338
9/17/2015,1719,452
9/17/2015,1720,4
9/18/2015,1721,452
9/18/2015,1722,3794
9/18/2015,1723,3339
9/18/2015,1724,452
9/18/2015,1725,250
9/18/2015,1726,2531
9/18/2015,1727,2079
9/21/2015,1728,3340
9/21/2015,1729,3797
9/21/2015,1730,453
9/21/2015,1731,4
9/21/2015,1732,2532
9/21/2015,1733,2079
9/21/2015,1734,453
9/22/2015,1735,3340
9/22/2015,1736,7
9/22/2015,1737,453
9/22/2015,1738,2532
9/22/2015,1739,3800
9/22/2015,1740,2079
9/22/2015,1741,453
9/23/2015,1742,3340
9/23/2015,1743,7
9/23/2015,1744,453
9/23/2015,1745,2532
9/23/2015,1746,250
9/23/2015,1747,250
9/23/2015,1748,453
9/23/2015,1749,3800
9/23/2015,1750,2079
9/24/2015,1751,3801
9/24/2015,1752,453
9/24/2015,1753,2533
9/24/2015,1754,3340
9/24/2015,1755,8
9/24/2015,1756,2080
9/24/2015,1757,453
9/25/2015,1758,3797
9/25/2015,1759,3340
9/25/2015,1760,4
9/25/2015,1761,2080
9/25/2015,1762,453
9/25/2015,1763,2533
9/25/2015,1764,453
9/28/2015,1765,2533
9/28/2015,1766,453
9/28/2015,1767,3805
9/28/2015,1768,3342
9/28/2015,1769,453
9/28/2015,1770,10
9/28/2015,1771,2080
9/29/2015,1772,3344
9/29/2015,1773,453
9/29/2015,1774,3805
9/29/2015,1775,453
9/29/2015,1776,8
9/29/2015,1777,2533
9/29/2015,1778,2080
9/30/2015,1779,6
9/30/2015,1780,453
9/30/2015,1781,2080
9/30/2015,1782,2533
9/30/2015,1783,3344
9/30/2015,1784,3805
9/30/2015,1785,453
9/30/2015,1786,8
9/30/2015,1787,6
10/1/2015,1788,3808
10/1/2015,1789,453
10/1/2015,1790,453
10/1/2015,1791,2533
10/1/2015,1792,2080
10/1/2015,1793,11
10/1/2015,1794,3344
10/2/2015,1795,2533
10/2/2015,1796,453
10/2/2015,1797,2080
10/2/2015,1798,3809
10/2/2015,1799,453
10/2/2015,1800,3344
10/2/2015,1801,12
10/5/2015,1802,7
10/5/2015,1803,2081
10/5/2015,1804,3804
10/5/2015,1805,3344
10/5/2015,1806,453
10/5/2015,1807,453
10/5/2015,1808,2534
10/6/2015,1809,2081
10/6/2015,1810,3804
10/6/2015,1811,453
10/6/2015,1812,7
10/6/2015,1813,3344
10/6/2015,1814,2534
10/6/2015,1815,453
10/7/2015,1816,6
10/7/2015,1817,453
10/7/2015,1818,2081
10/7/2015,1819,2534
10/7/2015,1820,6
10/7/2015,1821,3804
10/7/2015,1822,453
10/7/2015,1823,7
10/7/2015,1824,3344
10/8/2015,1825,453
10/8/2015,1826,3344
10/8/2015,1827,453
10/8/2015,1828,2081
10/8/2015,1829,200
10/8/2015,1830,2534
10/8/2015,1831,3799
10/9/2015,1832,453
10/9/2015,1833,3800
10/9/2015,1834,3344
10/9/2015,1835,2081
10/9/2015,1836,250
10/9/2015,1837,453
10/9/2015,1838,2534
10/13/2015,1839,2081
10/13/2015,1840,250
10/13/2015,1841,453
10/13/2015,1842,2534
10/13/2015,1843,453
10/13/2015,1844,3800
10/13/2015,1845,3344
10/15/2015,1846,4
10/15/2015,1847,2081
10/15/2015,1848,2534
10/15/2015,1849,453
10/15/2015,1850,3802
10/15/2015,1851,3345
10/15/2015,1852,453
10/16/2015,1853,2082
10/16/2015,1854,453
10/16/2015,1855,3804
10/16/2015,1856,3346
10/16/2015,1857,453
10/16/2015,1858,5
10/16/2015,1859,2535
10/20/2015,1860,3803
10/20/2015,1861,453
10/20/2015,1862,3347
10/20/2015,1863,250
10/20/2015,1864,2535
10/20/2015,1865,2082
10/20/2015,1866,453
10/22/2015,1867,3347
10/22/2015,1868,453
10/22/2015,1869,3801
10/22/2015,1870,2535
10/22/2015,1871,453
10/22/2015,1872,2082
10/22/2015,1873,150
10/23/2015,1874,3347
10/23/2015,1875,150
10/23/2015,1876,2535
10/23/2015,1877,2082
10/23/2015,1878,453
10/23/2015,1879,453
10/23/2015,1880,3801
10/26/2015,1881,453
10/26/2015,1882,2535
10/26/2015,1883,453
10/26/2015,1884,3804
10/26/2015,1885,3350
10/26/2015,1886,2082
10/26/2015,1887,150
10/27/2015,1888,2082
10/27/2015,1889,250
10/27/2015,1890,2535
10/27/2015,1891,453
10/27/2015,1892,3350
10/27/2015,1893,453
10/27/2015,1894,3806
10/29/2015,1895,3808
10/29/2015,1896,2536
10/29/2015,1897,453
10/29/2015,1898,2083
10/29/2015,1899,5
10/29/2015,1900,3350
10/29/2015,1901,453
10/30/2015,1902,453
10/30/2015,1903,3808
10/30/2015,1904,3350
10/30/2015,1905,5
10/30/2015,1906,2536
10/30/2015,1907,2083
10/30/2015,1908,453
11/3/2015,1909,2083
11/3/2015,1910,6
11/3/2015,1911,2536
11/3/2015,1912,453
11/3/2015,1913,3351
11/3/2015,1914,453
11/3/2015,1915,3810
11/5/2015,1916,2083
11/5/2015,1917,453
11/5/2015,1918,2536
11/5/2015,1919,453
11/5/2015,1920,3805
11/5/2015,1921,150
11/5/2015,1922,3351
11/6/2015,1923,453
11/6/2015,1924,3805
11/6/2015,1925,3351
11/6/2015,1926,2083
11/6/2015,1927,150
11/6/2015,1928,453
11/6/2015,1929,2536
11/10/2015,1930,453
11/10/2015,1931,2083
11/10/2015,1932,3805
11/10/2015,1933,453
11/10/2015,1934,150
11/10/2015,1935,3351
11/10/2015,1936,2536
11/11/2015,1937,3805
11/11/2015,1938,3351
11/11/2015,1939,453
11/11/2015,1940,150
11/11/2015,1941,4
11/11/2015,1942,2083
11/11/2015,1943,453
11/11/2015,1944,4
11/11/2015,1945,2536
11/12/2015,1946,3805
11/12/2015,1947,453
11/12/2015,1948,2536
11/12/2015,1949,453
11/12/2015,1950,3351
11/12/2015,1951,150
11/12/2015,1952,2083
11/16/2015,1953,3805
11/16/2015,1954,2083
11/16/2015,1955,453
11/16/2015,1956,3351
11/16/2015,1957,453
11/16/2015,1958,150
11/16/2015,1959,2536
11/17/2015,1960,3351
11/17/2015,1961,3804
11/17/2015,1962,453
11/17/2015,1963,100
11/17/2015,1964,2536
11/17/2015,1965,2083
11/17/2015,1966,453
11/20/2015,1967,100
11/20/2015,1968,453
11/20/2015,1969,3351
11/20/2015,1970,3804
11/20/2015,1971,453
11/20/2015,1972,2536
11/20/2015,1973,2083
11/24/2015,1974,3351
11/24/2015,1975,453
11/24/2015,1976,2083
11/24/2015,1977,2536
11/24/2015,1978,100
11/24/2015,1979,3804
11/24/2015,1980,453
11/26/2015,1981,2536
11/26/2015,1982,453
11/26/2015,1983,2083
11/26/2015,1984,3804
11/26/2015,1985,3351
11/26/2015,1986,453
11/26/2015,1987,100
12/1/2015,1988,3804
12/1/2015,1989,453
12/1/2015,1990,2536
12/1/2015,1991,2083
12/1/2015,1992,453
12/1/2015,1993,3351
12/1/2015,1994,100
12/2/2015,1995,2536
12/2/2015,1996,3351
12/2/2015,1997,453
12/2/2015,1998,100
12/2/2015,1999,100
12/2/2015,2000,3804
12/2/2015,2001,100
12/2/2015,2002,2083
12/2/2015,2003,453
12/3/2015,2004,150
12/3/2015,2005,2083
12/3/2015,2006,3805
12/3/2015,2007,3351
12/3/2015,2008,453
12/3/2015,2009,2536
12/3/2015,2010,453
12/9/2015,2011,3351
12/9/2015,2012,453
12/9/2015,2013,453
12/9/2015,2014,100
12/9/2015,2015,2083
12/9/2015,2016,100
12/9/2015,2017,100
12/9/2015,2018,2536
12/9/2015,2019,3804
12/10/2015,2020,453
12/10/2015,2021,3804
12/10/2015,2022,2083
12/10/2015,2023,100
12/10/2015,2024,3351
12/10/2015,2025,2536
12/10/2015,2026,453
12/11/2015,2027,3804
12/11/2015,2028,453
12/11/2015,2029,3351
12/11/2015,2030,100
12/11/2015,2031,453
12/11/2015,2032,2536
12/11/2015,2033,2083
12/15/2015,2034,3351
12/15/2015,2035,3807
12/15/2015,2036,453
12/15/2015,2037,2536
12/15/2015,2038,453
12/15/2015,2039,250
12/15/2015,2040,2083
12/16/2015,2041,2083
12/16/2015,2042,2536
12/16/2015,2043,453
12/16/2015,2044,100
12/16/2015,2045,453
12/16/2015,2046,250
12/16/2015,2047,3351
12/16/2015,2048,100
12/16/2015,2049,3807
12/17/2015,2050,2536
12/17/2015,2051,453
12/17/2015,2052,2083
12/17/2015,2053,150
12/17/2015,2054,3351
12/17/2015,2055,3805
12/17/2015,2056,453
12/22/2015,2057,3351
12/22/2015,2058,453
12/22/2015,2059,3804
12/22/2015,2060,2083
12/22/2015,2061,100
12/22/2015,2062,453
12/22/2015,2063,2536
12/23/2015,2064,2536
12/23/2015,2065,3351
12/23/2015,2066,453
12/23/2015,2067,100
12/23/2015,2068,100
12/23/2015,2069,3804
12/23/2015,2070,100
12/23/2015,2071,2083
12/23/2015,2072,453
12/29/2015,2073,100
12/29/2015,2074,2083
12/29/2015,2075,453
12/29/2015,2076,2536
12/29/2015,2077,3804
12/29/2015,2078,3351
12/29/2015,2079,453
3/23/2016,2080,3351
3/23/2016,2081,453
3/23/2016,2082,100
3/23/2016,2083,3804
3/23/2016,2084,2083
3/23/2016,2085,453
3/23/2016,2086,2536
3/23/2016,2087,200
3/23/2016,2088,250
3/23/2016,2089,100
3/23/2016,2090,5
3/23/2016,2091,200
3/23/2016,2092,250
3/23/2016,2093,5
3/23/2016,2094,150
3/23/2016,2095,250
3/23/2016,2096,4
,,
,,
,,
,,
,,
,,
,,
,,
,,
,,
,,
,,
,,
,,
,,
,,
,,
,,
,,
,,
,,
,,
,,
,,
,,
,,
,,
,,
,,
,,
,,
,,
,,
,,
,,
,,
,,
,,
,,
,,
,,
,,
,,
,,
,,
,,
,,
,,
,,
,,
,,
,,
,,
,,
,,
,,
,,
,,
,,
,,
,,
,,
,,
,,
,,
,,
,,
,,
,,
,,
,,
,,
,,
,,
,,
,,
,,
,,
,,
,,
,,
,,
,,
,,
,,
,,
,,
,,
,,
,,
,,
,,
,,
,,
,,
,,
,,
,,
,,
,,
,,
,,
,,
,,
,,
,,
,,
,,
,,
,,
,,
,,
,,
,,
,,
,,
,,
,,
,,
,,
,,
,,
,,
,,
,,
,,
,,
,,
,,
,,
,,
,,
,,
,,
,,
,,
,,
,,
,,
,,
,,
,,
,,
,,
,,
,,
,,
,,
,,
,,
,,
,,
,,
,,
,,
,,
,,
,,
,,
,,
,,
,,
,,
,,
,,
,,
,,
,,
,,
,,
,,
,,
,,
,,
,,
,,
,,
,,
,,
,,
,,
,,
,,
,,
,,
,,
,,
,,
,,
,,
,,
,,
,,
,,
,,
,,
,,
,,
,,
,,
,,
,,
,,
,,
,,
,,
,,
